Name,Price,Link,Image,Rating,Reviews
"Maybelline Lifter Lip Gloss, 006 Reef",EGP 375.00,https://www.jumia.com.eg/maybelline-lifter-lip-gloss-006-reef-23075257.html,https://eg.jumia.is/unsafe/fit-in/300x300/filters:fill(white)/product/75/257032/1.jpg?1390,4.4 out of 5,
Might Cinema Transparent Lip Gloss - Long-lasting & Moisturizing,EGP 99.99,https://www.jumia.com.eg/might-cinema-transparent-lip-gloss-long-lasting-moisturizing-92586095.html,https://eg.jumia.is/unsafe/fit-in/300x300/filters:fill(white)/product/59/068529/1.jpg?1685,4.1 out of 5,
Luna Lip Gloss New No.46,EGP 99.00,https://www.jumia.com.eg/luna-lip-gloss-new-no.46-131512675.html,https://eg.jumia.is/unsafe/fit-in/300x300/filters:fill(white)/product/57/6215131/1.jpg?6278,4.3 out of 5,
L'Oreal Paris Colour Riche Extraordinaire Lipcolour - 104 Dancing Rose,EGP 129.00,https://www.jumia.com.eg/loreal-paris-colour-riche-extraordinaire-lipcolour-104-dancing-rose-133864936.html,https://eg.jumia.is/unsafe/fit-in/300x300/filters:fill(white)/product/63/9468331/1.jpg?4033,3.7 out of 5,
Avon Nourishing Lip Oil BLOSSOM - 2 PCS,EGP 449.00,https://www.jumia.com.eg/avon-nourishing-lip-oil-blossom-2-pcs-130772701.html,https://eg.jumia.is/unsafe/fit-in/300x300/filters:fill(white)/product/10/7277031/1.jpg?1681,3.8 out of 5,
L.A. Girl L.A. Girl Glossy Plumping Lipgloss - GLG924 - Extra,EGP 199.00,https://www.jumia.com.eg/l.a.-girl-l.a.-girl-glossy-plumping-lipgloss-glg924-extra-38428275.html,https://eg.jumia.is/unsafe/fit-in/300x300/filters:fill(white)/product/57/282483/1.jpg?4884,4.8 out of 5,
Sandra Lip Gloss Gil-Sandra-Long Lasting With Glossy Finish-SC526-113,EGP 99.99,https://www.jumia.com.eg/sandra-lip-gloss-gil-sandra-long-lasting-with-glossy-finish-sc526-113-133580831.html,https://eg.jumia.is/unsafe/fit-in/300x300/filters:fill(white)/product/13/8085331/1.jpg?3129,3 out of 5,
Essence Lip gloss Juicy Bomb - 102.Witty watermelon,EGP 165.00,https://www.jumia.com.eg/essence-lip-gloss-juicy-bomb-102.witty-watermelon-134192750.html,https://eg.jumia.is/unsafe/fit-in/300x300/filters:fill(white)/product/05/7291431/1.jpg?8810,,
Avon Nourishing Lip Oil Shimmering Petal 7 ml,EGP 239.00,https://www.jumia.com.eg/avon-nourishing-lip-oil-shimmering-petal-7-ml-123009509.html,https://eg.jumia.is/unsafe/fit-in/300x300/filters:fill(white)/product/90/5900321/1.jpg?8905,4.7 out of 5,
L'Oreal Paris eal Paris Brilliant Signature Plump in Gloss Shine Plumping & Hydrating Lips - 406 Amplify,EGP 479.00,https://www.jumia.com.eg/loreal-paris-eal-paris-brilliant-signature-plump-in-gloss-shine-plumping-hydrating-lips-406-amplify-46514767.html,https://eg.jumia.is/unsafe/fit-in/300x300/filters:fill(white)/product/76/741564/1.jpg?0411,4.3 out of 5,
"SHEIN Lip Gloss Kit, 6Pcs Long-Lasting Watery Moisturizing Y2K Liquid Lipstick",EGP 319.99,https://www.jumia.com.eg/shein-lip-gloss-kit-6pcs-long-lasting-watery-moisturizing-y2k-liquid-lipstick-133566555.html,https://eg.jumia.is/unsafe/fit-in/300x300/filters:fill(white)/product/55/5665331/1.jpg?1743,1 out of 5,
Might Cinema Liquid Lipstick 4 In 1 In One Package From Might Cinema (205),EGP 111.99,https://www.jumia.com.eg/might-cinema-liquid-lipstick-4-in-1-in-one-package-from-might-cinema-205-105711719.html,https://eg.jumia.is/unsafe/fit-in/300x300/filters:fill(white)/product/91/7117501/1.jpg?5838,3.8 out of 5,
SHEGLAM GLAM Pout Pillow Cushion Lip Gloss - K.O 10g,EGP 330.00,https://www.jumia.com.eg/sheglam-glam-pout-pillow-cushion-lip-gloss-k.o-10g-130048003.html,https://eg.jumia.is/unsafe/fit-in/300x300/filters:fill(white)/product/30/0840031/1.jpg?2223,1.7 out of 5,
SHEGLAM GLAM Liquid Lipstick Gloss Fruit Flavor Color Changing 6pcs,EGP 288.00,https://www.jumia.com.eg/sheglam-glam-liquid-lipstick-gloss-fruit-flavor-color-changing-6pcs-132272197.html,https://eg.jumia.is/unsafe/fit-in/300x300/filters:fill(white)/product/79/1272231/1.jpg?4937,5 out of 5,
Essence Birthday Bomb Shiny Lipgloss 01 Cake My Day,EGP 187.00,https://www.jumia.com.eg/essence-birthday-bomb-shiny-lipgloss-01-cake-my-day-133786807.html,https://eg.jumia.is/unsafe/fit-in/300x300/filters:fill(white)/product/70/8687331/1.jpg?5200,5 out of 5,
"Sandra Lip Gloss Gel From Sandra(SC117A), Color 131",EGP 109.99,https://www.jumia.com.eg/sandra-lip-gloss-gel-from-sandrasc117a-color-131-130207306.html,https://eg.jumia.is/unsafe/fit-in/300x300/filters:fill(white)/product/60/3702031/1.jpg?8383,4.4 out of 5,
Lifter Might Cinema - Multi-Color Set,EGP 188.00,https://www.jumia.com.eg/generic-lifter-might-cinema-multi-color-set-124261638.html,https://eg.jumia.is/unsafe/fit-in/300x300/filters:fill(white)/product/83/6162421/1.jpg?3366,4.7 out of 5,
"Might Cinema Long-lasting Matte Lip Gloss for Full, Attractive Lips - Color 201",EGP 83.99,https://www.jumia.com.eg/might-cinema-long-lasting-matte-lip-gloss-for-full-attractive-lips-color-201-130313182.html,https://eg.jumia.is/unsafe/fit-in/300x300/filters:fill(white)/product/28/1313031/1.jpg?9631,4.5 out of 5,
SHEIN Set Of 3 Lip Gloss Set with Velvet Matte Non-Stick Cup Dragoon Ranne (C),EGP 322.00,https://www.jumia.com.eg/shein-set-of-3-lip-gloss-set-with-velvet-matte-non-stick-cup-dragoon-ranne-c-127315648.html,https://eg.jumia.is/unsafe/fit-in/300x300/filters:fill(white)/product/84/6513721/1.jpg?2990,3.6 out of 5,
Rose Berry Double Touch Lipgloss N103 6gm,EGP 109.00,https://www.jumia.com.eg/rose-berry-double-touch-lipgloss-n103-6gm-134201544.html,https://eg.jumia.is/unsafe/fit-in/300x300/filters:fill(white)/product/44/5102431/1.jpg?8970,,
Might Cinema Liquid Lipstick 4 In 1 In One Package From Might Cinema (201),EGP 111.99,https://www.jumia.com.eg/might-cinema-liquid-lipstick-4-in-1-in-one-package-from-might-cinema-201-105711712.html,https://eg.jumia.is/unsafe/fit-in/300x300/filters:fill(white)/product/21/7117501/1.jpg?5838,5 out of 5,
Luna Lip Gloss New No.48,EGP 99.00,https://www.jumia.com.eg/luna-lip-gloss-new-no.48-131512678.html,https://eg.jumia.is/unsafe/fit-in/300x300/filters:fill(white)/product/87/6215131/1.jpg?6307,5 out of 5,
Cybele Rouge Liquid - No. 4 Candy Rose,EGP 199.00,https://www.jumia.com.eg/shine-appeal-lip-no.-4-candy-rose-cybele-mpg1153284.html,https://eg.jumia.is/unsafe/fit-in/300x300/filters:fill(white)/product/63/757506/1.jpg?8572,4 out of 5,
MY-M Advance Tinted Lip Glaze - Silk Pink (300),EGP 255.00,https://www.jumia.com.eg/my-m-advance-tinted-lip-glaze-silk-pink-300-133949426.html,https://eg.jumia.is/unsafe/fit-in/300x300/filters:fill(white)/product/62/4949331/1.jpg?0977,,
Avon Nourishing Lip Oil BLOSSOM - Hydrating Lip Treatment,EGP 225.00,https://www.jumia.com.eg/avon-nourishing-lip-oil-blossom-hydrating-lip-treatment-130772705.html,https://eg.jumia.is/unsafe/fit-in/300x300/filters:fill(white)/product/50/7277031/1.jpg?1681,,
Essence Hydra Kiss Lip Oil 06 Cranberry Is Back,EGP 299.00,https://www.jumia.com.eg/essence-hydra-kiss-lip-oil-06-cranberry-is-back-133786808.html,https://eg.jumia.is/unsafe/fit-in/300x300/filters:fill(white)/product/80/8687331/1.jpg?5201,,
Might Cinema Long Lasting Lip Gloss Magic - 7g,EGP 119.00,https://www.jumia.com.eg/long-lasting-lip-gloss-magic-7g-might-cinema-mpg3799778.html,https://eg.jumia.is/unsafe/fit-in/300x300/filters:fill(white)/product/43/2939711/1.jpg?8484,4.5 out of 5,
"Amanda Lip Oil With Argan, Jojoba, Avocado Oil, 5ml – 02-Amanda",EGP 225.00,https://www.jumia.com.eg/lip-oil-with-argan-jojoba-avocado-oil-5ml-02-amanda-mpg1153303.html,https://eg.jumia.is/unsafe/fit-in/300x300/filters:fill(white)/product/71/899046/1.jpg?9133,4.8 out of 5,
Last Look (Last Look) Magic Fruity Lip Oil -2006- Lemon Scent-83,EGP 73.99,https://www.jumia.com.eg/last-look-last-look-magic-fruity-lip-oil-2006-lemon-scent-83-133655711.html,https://eg.jumia.is/unsafe/fit-in/300x300/filters:fill(white)/product/11/7556331/1.jpg?6630,,
HYDRENSA  LIP BALM,EGP 117.00,https://www.jumia.com.eg/hydrensa-lip-balm-133772067.html,https://eg.jumia.is/unsafe/fit-in/300x300/filters:fill(white)/product/76/0277331/1.jpg?2042,5 out of 5,
Might Cinema  Lifter Lipstick Shiny Lips - 5081-211,EGP 99.99,https://www.jumia.com.eg/might-cinema-lifter-lipstick-shiny-lips-5081-211-134220749.html,https://eg.jumia.is/unsafe/fit-in/300x300/filters:fill(white)/product/94/7022431/1.jpg?7952,5 out of 5,
Sandra Lipgloss Gel Moisturizer - Transparent 1 Piece,EGP 90.00,https://www.jumia.com.eg/sandra-lipgloss-gel-moisturizer-transparent-1-piece-127733887.html,https://eg.jumia.is/unsafe/fit-in/300x300/filters:fill(white)/product/78/8337721/1.jpg?8250,5 out of 5,
KIKO MILANO  Milano lipgloss 21,EGP 628.20,https://www.jumia.com.eg/kiko-milano-milano-lipgloss-21-134161570.html,https://eg.jumia.is/unsafe/fit-in/300x300/filters:fill(white)/product/07/5161431/1.jpg?8165,,
Lipgloss for Women - 1 Piece,EGP 75.00,https://www.jumia.com.eg/generic-lipgloss-for-women-1-piece-27466693.html,https://eg.jumia.is/unsafe/fit-in/300x300/filters:fill(white)/product/39/666472/1.jpg?1490,3.7 out of 5,
Avon True Nourishing Lip Oil Shimmering Look,EGP 225.00,https://www.jumia.com.eg/avon-true-nourishing-lip-oil-shimmering-look-49085338.html,https://eg.jumia.is/unsafe/fit-in/300x300/filters:fill(white)/product/83/358094/1.jpg?9983,4.6 out of 5,
Avon True Nourishing Lip Oil Set (2 Shimmering Look),EGP 409.00,https://www.jumia.com.eg/avon-true-nourishing-lip-oil-set-2-shimmering-look-134061679.html,https://eg.jumia.is/unsafe/fit-in/300x300/filters:fill(white)/product/97/6160431/1.jpg?3694,,
Essence Extreme shine lip gloss 01,EGP 240.00,https://www.jumia.com.eg/essence-extreme-shine-lip-gloss-01-134095516.html,https://eg.jumia.is/unsafe/fit-in/300x300/filters:fill(white)/product/61/5590431/1.jpg?5852,,
Might Cinema lip gloss mini 6 pices,EGP 225.00,https://www.jumia.com.eg/might-cinema-lip-gloss-mini-6-pices-133604877.html,https://eg.jumia.is/unsafe/fit-in/300x300/filters:fill(white)/product/77/8406331/1.jpg?0168,,
Avon Nourishing Lip Oil BLOSSOM (2 PCS) - Ultimate Hydration and Shine,EGP 409.00,https://www.jumia.com.eg/avon-nourishing-lip-oil-blossom-2-pcs-ultimate-hydration-and-shine-130772703.html,https://eg.jumia.is/unsafe/fit-in/300x300/filters:fill(white)/product/30/7277031/1.jpg?1681,5 out of 5,
SHEGLAM GLAM ICE QUEEN PLUMPING LIP GLOSS - ICE QUEEN,EGP 280.00,https://www.jumia.com.eg/sheglam-glam-ice-queen-plumping-lip-gloss-ice-queen-84824091.html,https://eg.jumia.is/unsafe/fit-in/300x300/filters:fill(white)/product/19/042848/1.jpg?9060,5 out of 5,
